{
  "cacheBootResources": true,
  "config": [ ],
  "debugBuild": false,
  "entryAssembly": "DeathBlooms",
  "linkerEnabled": true,
  "resources": {
    "assembly": {
      "DeathBlooms.dll": "sha256-XY+ZyqCLrPRZOejaLJia1SbuxP0GICyLLjF8bB2fVwk=",
      "Microsoft.AspNetCore.Components.dll": "sha256-3DzAiB\/0xVakIhTQTZL2tNeKWONS1Hre\/pSjAEvZyn8=",
      "Microsoft.AspNetCore.Components.Web.dll": "sha256-AyFLuqDpf+z5c9J4\/+NpcrgBa4eqaQ6zfylvNLunF3E=",
      "Microsoft.AspNetCore.Components.WebAssembly.dll": "sha256-Je0Ws6ngiyz9ZB6Wecz92gn4ASNUXysAloAFsi2nnFM=",
      "Microsoft.Bcl.AsyncInterfaces.dll": "sha256-jzHgXWAvWMkKIGFjZoT84tbe72E+H7CvTr\/Dryh4QPs=",
      "Microsoft.Extensions.Configuration.Abstractions.dll": "sha256-fFAcCLG\/BvQ+OJhRWwPkzqTFnN5EFj4TW2vIu3tLrBI=",
      "Microsoft.Extensions.Configuration.dll": "sha256-bCDYfKwGQ3+7bu0kUy2DOjLGjT9ISedJ+x7qODkLk\/A=",
      "Microsoft.Extensions.Configuration.Json.dll": "sha256-9WM7\/pzro4XOcfguuRJGk+FwxoOfvhoQwvrW9sN50fE=",
      "Microsoft.Extensions.DependencyInjection.Abstractions.dll": "sha256-JPjvoBC5UqaT+bJLWBivCAVMDHQKtjlTw0mTDr8iSA8=",
      "Microsoft.Extensions.DependencyInjection.dll": "sha256-Nio2swIV\/q0eYi54yE7XaMxLLb6yp1V25P4EWtGz8f0=",
      "Microsoft.Extensions.Logging.Abstractions.dll": "sha256-gAPYcr4ntsTMjYd7OB8HYNIIwBZ5+GvpbW5kAgf0MPY=",
      "Microsoft.Extensions.Logging.dll": "sha256-9J4jrbqTWGoRQ1q9vcTaIjkHdj832pOFnhk\/HNKkeqs=",
      "Microsoft.Extensions.Options.dll": "sha256-QjefrfaBO0u8C6qgXMw9PlOGXRNCtntvVBuIu5h4Uf4=",
      "Microsoft.Extensions.Primitives.dll": "sha256-pvF5Fx86gEkaDI30otQPxZHTu1DPnBWYxtLQ6Ay2DRo=",
      "Microsoft.JSInterop.dll": "sha256-3cbvJEo8k8VJVQwyEZWWQ6yGRFQW8\/219DaOnmsX3e4=",
      "Microsoft.JSInterop.WebAssembly.dll": "sha256-zV\/OfJNfNsG404X30Pwkdymdh1KmZpTVEmG\/JNFVc\/k=",
      "mscorlib.dll": "sha256-CWEHtSFErSkCxJATKPwOK4Yb35mQKN+50KMrQF\/q6ok=",
      "System.Core.dll": "sha256-ksEoH0MavE4YQ45YcZXBaApSUe+th3+Bsj6jDcqOMYo=",
      "System.dll": "sha256-ULziSEEBoxBVNVJeKlaWOLtpn7g9Qs3RAgzrRmevd7I=",
      "System.Net.Http.dll": "sha256-R\/W7VdSGUKaho0554Wln5JgyrGEDyLM\/i7KJnjcciRs=",
      "System.Net.Http.Json.dll": "sha256-\/XkuGzcthpIXewcUgBul7NMHrIrsjY+fcmeAhh2KEs0=",
      "System.Net.Http.WebAssemblyHttpHandler.dll": "sha256-iPTqf097UJsOmwnbdo+iTFQH0LPVLk768gdQbYt\/+hI=",
      "System.Runtime.CompilerServices.Unsafe.dll": "sha256-fSSy+yOX3g0cCyUQE27TCEfLVM72nvP7nfCYCUVpJYY=",
      "System.Text.Encodings.Web.dll": "sha256-HiyAfsKsTISCgnDUepyUhx3TBaEYk\/aMAg400xOlCYM=",
      "System.Text.Json.dll": "sha256-s+siYnHdb\/C25tCuXlhBZ8NAUXiwnpoXC7PMEX7h3mg=",
      "WebAssembly.Bindings.dll": "sha256-zPNs7yN50qA5qnjoFH\/xOLEhRpqLxOozVbiJND3mTS0="
    },
    "pdb": null,
    "runtime": {
      "dotnet.3.2.0.js": "sha256-mPoqx7XczFHBWk3gRNn0hc9ekG1OvkKY4XiKRY5Mj5U=",
      "dotnet.timezones.dat": "sha256-3S0qzYaBEKOBXarzVLNzNAFXlwJr6nI3lFlYUpQTPH8=",
      "dotnet.wasm": "sha256-UC\/3Rm1NkdNdlIrzYARo+dO\/HDlS5mhPxo0IQv7kma8="
    },
    "satelliteResources": null
  }
}