{
  "cacheBootResources": true,
  "config": [ ],
  "debugBuild": false,
  "entryAssembly": "DeathBlooms",
  "linkerEnabled": true,
  "resources": {
    "assembly": {
      "DeathBlooms.dll": "sha256-qD9b1nboyZBgQ5p\/QHqrCy0zoFy1MnfH89u6QZXqlg0=",
      "Microsoft.AspNetCore.Components.dll": "sha256-5boxYCakIVk3PoEkjw8EWh4+ZX\/YGWt2nvlmmM0DK4k=",
      "Microsoft.AspNetCore.Components.Web.dll": "sha256-lFTa1i\/0nRDplMxx6X0AlKXaM3bG1pTiUCPZpkEtI3A=",
      "Microsoft.AspNetCore.Components.WebAssembly.dll": "sha256-CJz\/WWBfcADU2WRia0XK2SKqxIuZrAcxq1EYFCh3dBM=",
      "Microsoft.Bcl.AsyncInterfaces.dll": "sha256-jzHgXWAvWMkKIGFjZoT84tbe72E+H7CvTr\/Dryh4QPs=",
      "Microsoft.Extensions.Configuration.Abstractions.dll": "sha256-5czOGpDtcoNhfoPR4vjhEjeqSQ9eTbzlzfPnYGlcHHs=",
      "Microsoft.Extensions.Configuration.dll": "sha256-sDs8xIFWO76hYcs89BKaJ2sGcg7xnEhlJYiQjMdVwpI=",
      "Microsoft.Extensions.Configuration.Json.dll": "sha256-KOIyd1sFYkaY+sQY5a1iCIH+dFjkht6I73S6+mvniNg=",
      "Microsoft.Extensions.DependencyInjection.Abstractions.dll": "sha256-3o8nOB2ykRd5+UGgYIbUWr4runR\/tCrI8P73\/Gvbt2E=",
      "Microsoft.Extensions.DependencyInjection.dll": "sha256-LgONiG5pbj5DoWbWiwlKyc5UkISUNIFr9Zqc01nb0I0=",
      "Microsoft.Extensions.Logging.Abstractions.dll": "sha256-jhsRminjUSgngWRiYBG1hMupy98Pm4Nm1FjWCnYKYFA=",
      "Microsoft.Extensions.Logging.dll": "sha256-swNwIkA7YmS6cHIlfo+LPPQ72vUoHX2hCT2cTBitxuQ=",
      "Microsoft.Extensions.Options.dll": "sha256-i72t0pMz5CniLsOHDOQZfXoaIebH5uTeF24cXD+7MCI=",
      "Microsoft.Extensions.Primitives.dll": "sha256-IjIAK98rkc+7W\/0+o4kBph6ucqwD0Je+rzKgKPMypbw=",
      "Microsoft.JSInterop.dll": "sha256-3cbvJEo8k8VJVQwyEZWWQ6yGRFQW8\/219DaOnmsX3e4=",
      "Microsoft.JSInterop.WebAssembly.dll": "sha256-zV\/OfJNfNsG404X30Pwkdymdh1KmZpTVEmG\/JNFVc\/k=",
      "mscorlib.dll": "sha256-iNWFhYZetmnSGA335Gtb17P3DZDsOvjxYPr02POFIvc=",
      "System.Core.dll": "sha256-6g8NvH3K55oWODknbxJE+3gk\/mlbsDerFf\/9Q8g+oTU=",
      "System.dll": "sha256-L3u9r7USH69fdJbBkCiXl7UK5gYOvJncmNNe5tgUXYI=",
      "System.Net.Http.dll": "sha256-SCfm46SK5Hh293EZc+FJvMm8HSlTLvHz0IZuUv6rN6o=",
      "System.Net.Http.Json.dll": "sha256-2glr8Bdjr8+1CF0\/s+aVyuaKK298\/BJZ1RqQaVF2Rl8=",
      "System.Net.Http.WebAssemblyHttpHandler.dll": "sha256-oNTuBf9k38Vhjc1doIMMvuM7PBFYIdcBBHmFpASNN2E=",
      "System.Runtime.CompilerServices.Unsafe.dll": "sha256-cc4CmaDlVQMUL0TYOrRBUOzhKG7PqCt9zTXWFD2u5Yc=",
      "System.Text.Encodings.Web.dll": "sha256-R8UZPgQK4AyFMxrubtj7xwCj0ehc4dksTPzToBFWm1Q=",
      "System.Text.Json.dll": "sha256-\/tuAu3QWuA9YTsC1DKyeNeQsS8v0W+QUKYawFugk3hM=",
      "WebAssembly.Bindings.dll": "sha256-1mSHjlkgpBjmp8A3KEl6NIwQe4X1VAC4SBAXJojl8Qo="
    },
    "pdb": null,
    "runtime": {
      "dotnet.3.2.0.js": "sha256-mPoqx7XczFHBWk3gRNn0hc9ekG1OvkKY4XiKRY5Mj5U=",
      "dotnet.timezones.dat": "sha256-3S0qzYaBEKOBXarzVLNzNAFXlwJr6nI3lFlYUpQTPH8=",
      "dotnet.wasm": "sha256-UC\/3Rm1NkdNdlIrzYARo+dO\/HDlS5mhPxo0IQv7kma8="
    },
    "satelliteResources": null
  }
}