{
  "cacheBootResources": true,
  "config": [ ],
  "debugBuild": false,
  "entryAssembly": "DeathBlooms",
  "linkerEnabled": true,
  "resources": {
    "assembly": {
      "DeathBlooms.dll": "sha256-v2wdf7twpCP2LvOTn6BmeNS4eyCSpW7dyhDW18HRDcM=",
      "Microsoft.AspNetCore.Components.dll": "sha256-YgnkD2eoOX6hyddCHvkBH6pBezJnq8k4obK1G5dN0bQ=",
      "Microsoft.AspNetCore.Components.Web.dll": "sha256-5C5r1jN2aX6uWypx7u9JLVMOXJ8T62\/pi3ZN7bDtzhI=",
      "Microsoft.AspNetCore.Components.WebAssembly.dll": "sha256-\/6g61EW9CnVPuQgX3iVRou1UeU1xI5SPHXMY8xZEjh0=",
      "Microsoft.Bcl.AsyncInterfaces.dll": "sha256-jzHgXWAvWMkKIGFjZoT84tbe72E+H7CvTr\/Dryh4QPs=",
      "Microsoft.Extensions.Configuration.Abstractions.dll": "sha256-MFEwL+QzkvJ2L+vrk3d9epdR+GQc1wRtfhF8U+a1fnQ=",
      "Microsoft.Extensions.Configuration.dll": "sha256-1fO57Vadk7oTdL9jsKz3t2SMy24e9nbSYqgwRZA9K8w=",
      "Microsoft.Extensions.Configuration.Json.dll": "sha256-du8mc07728yZ2xmYA8n\/RUXpK2VKDP1rbubFwQGUc+o=",
      "Microsoft.Extensions.DependencyInjection.Abstractions.dll": "sha256-rVyAvQPkFe9NXUysAgIPN\/ucZeBxZGFBEIj60Dq7XQ4=",
      "Microsoft.Extensions.DependencyInjection.dll": "sha256-NqM01GPB5Fj8QuAeZYjFZVIOIZ5NzMnONEyPuCgIM38=",
      "Microsoft.Extensions.Logging.Abstractions.dll": "sha256-95l3xrEM40lahTcQyM97nXjl0ggKo8jxcanya1IAsD8=",
      "Microsoft.Extensions.Logging.dll": "sha256-f4lOlWvDOk0\/9Qr3anRGXc1BHjMwTNoM5qsvZFZBE\/c=",
      "Microsoft.Extensions.Options.dll": "sha256-KZ6\/OCyX43K6jRQQxdz\/x38Q64fg6ueu3nxZWgyqZsM=",
      "Microsoft.Extensions.Primitives.dll": "sha256-PDi7BA\/Wci0Og2K9CtzVhW6XleHd9IB5c\/KeN+swOHU=",
      "Microsoft.JSInterop.dll": "sha256-3cbvJEo8k8VJVQwyEZWWQ6yGRFQW8\/219DaOnmsX3e4=",
      "Microsoft.JSInterop.WebAssembly.dll": "sha256-zV\/OfJNfNsG404X30Pwkdymdh1KmZpTVEmG\/JNFVc\/k=",
      "mscorlib.dll": "sha256-iJQWclP7M7uicSJX25n3C9zGgerUJ+A8EpHwcu2erYM=",
      "System.Core.dll": "sha256-l50KWn2fv0aYKgJBUQmwWkWBKwvzJj9dQigItzthIvY=",
      "System.dll": "sha256-FQ1y61SmyoNkqXLQklmNpsEFRDv9kYG6EpU\/qZz4iw8=",
      "System.Net.Http.dll": "sha256-Wd6oopg6EHT2cM1B22TiFmSYRB1C5eX+vKBnkS9B4ss=",
      "System.Net.Http.Json.dll": "sha256-pQOkNvrHVF5+e7lO7arkZs0QuS8zsSVPEmjBuR7h1CM=",
      "System.Net.Http.WebAssemblyHttpHandler.dll": "sha256-KfCBGvQbEmHs44vGirlm9ic1qUjiYuCEjVKf9yHsf4k=",
      "System.Runtime.CompilerServices.Unsafe.dll": "sha256-HkDBZz2S+OhsTIrH7BSrc0wl36BbWntKyqqf0JCvSI8=",
      "System.Text.Encodings.Web.dll": "sha256-P7sdMs+G\/qD+X2yHEtR9DvLJWUPq6vNIhGrM5DLCUIg=",
      "System.Text.Json.dll": "sha256-5OVCz+5gcmEjum62cKDlL\/6X0ll6cbTmuq+VUnby8Xg=",
      "WebAssembly.Bindings.dll": "sha256-zpiIiJBb1djx51RisXzvE+21BUA4ERqClKTdPsXhlOg="
    },
    "pdb": null,
    "runtime": {
      "dotnet.3.2.0.js": "sha256-mPoqx7XczFHBWk3gRNn0hc9ekG1OvkKY4XiKRY5Mj5U=",
      "dotnet.timezones.dat": "sha256-3S0qzYaBEKOBXarzVLNzNAFXlwJr6nI3lFlYUpQTPH8=",
      "dotnet.wasm": "sha256-UC\/3Rm1NkdNdlIrzYARo+dO\/HDlS5mhPxo0IQv7kma8="
    },
    "satelliteResources": null
  }
}